"ID","EXPT","LOCATION","YEAR","PLOT","ROW","COLUMN","CHECKS","ENTRY","TREATMENT","YIELD"
1,"Expt1","LOC1","2025",1,1,1,0,72,"G-72",68.2
2,"Expt1","LOC1","2025",2,1,2,3,3,"G-3",73.34
3,"Expt1","LOC1","2025",3,1,3,146,146,"G-146",63.28
4,"Expt1","LOC1","2025",4,1,4,0,48,"G-48",73.25
5,"Expt1","LOC1","2025",5,1,5,0,54,"G-54",63.99
6,"Expt1","LOC1","2025",6,1,6,0,45,"G-45",61.59
7,"Expt1","LOC1","2025",7,1,7,103,103,"G-103",64.77
8,"Expt1","LOC1","2025",8,1,8,0,141,"G-141",70.66
9,"Expt1","LOC1","2025",9,1,9,0,60,"G-60",61.4
10,"Expt1","LOC1","2025",10,1,10,0,160,"G-160",65.69
11,"Expt1","LOC1","2025",11,1,11,0,34,"G-34",64.46
12,"Expt1","LOC1","2025",12,1,12,0,178,"G-178",67
13,"Expt1","LOC1","2025",13,1,13,0,114,"G-114",68.87
14,"Expt1","LOC1","2025",14,1,14,0,59,"G-59",57.31
15,"Expt1","LOC1","2025",15,1,15,104,104,"G-104",68.43
16,"Expt1","LOC1","2025",16,1,16,0,116,"G-116",73.88
17,"Expt1","LOC1","2025",17,1,17,110,110,"G-110",75.66
18,"Expt1","LOC1","2025",18,1,18,0,61,"G-61",68.73
19,"Expt1","LOC1","2025",19,2,18,47,47,"G-47",60.72
20,"Expt1","LOC1","2025",20,2,17,74,74,"G-74",67.29
21,"Expt1","LOC1","2025",21,2,16,0,6,"G-6",60.53
22,"Expt1","LOC1","2025",22,2,15,0,121,"G-121",66.31
23,"Expt1","LOC1","2025",23,2,14,7,7,"G-7",63.76
24,"Expt1","LOC1","2025",24,2,13,0,132,"G-132",66.35
25,"Expt1","LOC1","2025",25,2,12,0,163,"G-163",79.96
26,"Expt1","LOC1","2025",26,2,11,0,150,"G-150",62.22
27,"Expt1","LOC1","2025",27,2,10,0,53,"G-53",79.87
28,"Expt1","LOC1","2025",28,2,9,0,2,"G-2",66.04
29,"Expt1","LOC1","2025",29,2,8,0,101,"G-101",71.82
30,"Expt1","LOC1","2025",30,2,7,172,172,"G-172",63.67
31,"Expt1","LOC1","2025",31,2,6,0,133,"G-133",71.97
32,"Expt1","LOC1","2025",32,2,5,75,75,"G-75",71.08
33,"Expt1","LOC1","2025",33,2,4,0,177,"G-177",59.6
34,"Expt1","LOC1","2025",34,2,3,0,69,"G-69",67.87
35,"Expt1","LOC1","2025",35,2,2,0,120,"G-120",67.65
36,"Expt1","LOC1","2025",36,2,1,142,142,"G-142",67.36
37,"Expt1","LOC1","2025",37,3,1,111,111,"G-111",63.98
38,"Expt1","LOC1","2025",38,3,2,0,159,"G-159",66.6
39,"Expt1","LOC1","2025",39,3,3,0,144,"G-144",62.02
40,"Expt1","LOC1","2025",40,3,4,0,167,"G-167",63.4
41,"Expt1","LOC1","2025",41,3,5,0,175,"G-175",63.91
42,"Expt1","LOC1","2025",42,3,6,0,147,"G-147",62.03
43,"Expt1","LOC1","2025",43,3,7,0,12,"G-12",63.51
44,"Expt1","LOC1","2025",44,3,8,0,32,"G-32",65.18
45,"Expt1","LOC1","2025",45,3,9,57,57,"G-57",71.77
46,"Expt1","LOC1","2025",46,3,10,0,179,"G-179",65.05
47,"Expt1","LOC1","2025",47,3,11,0,83,"G-83",71.28
48,"Expt1","LOC1","2025",48,3,12,0,37,"G-37",71.58
49,"Expt1","LOC1","2025",49,3,13,0,100,"G-100",72.65
50,"Expt1","LOC1","2025",50,3,14,0,65,"G-65",64.67
51,"Expt1","LOC1","2025",51,3,15,0,135,"G-135",70.03
52,"Expt1","LOC1","2025",52,3,16,168,168,"G-168",71.14
53,"Expt1","LOC1","2025",53,3,17,123,123,"G-123",62.18
54,"Expt1","LOC1","2025",54,3,18,35,35,"G-35",71.65
55,"Expt1","LOC1","2025",55,4,18,57,57,"G-57",70.6
56,"Expt1","LOC1","2025",56,4,17,0,174,"G-174",63.95
57,"Expt1","LOC1","2025",57,4,16,0,19,"G-19",69.32
58,"Expt1","LOC1","2025",58,4,15,0,169,"G-169",65.17
59,"Expt1","LOC1","2025",59,4,14,0,67,"G-67",61
60,"Expt1","LOC1","2025",60,4,13,0,93,"G-93",67.41
61,"Expt1","LOC1","2025",61,4,12,0,85,"G-85",64.14
62,"Expt1","LOC1","2025",62,4,11,0,43,"G-43",64.07
63,"Expt1","LOC1","2025",63,4,10,0,25,"G-25",67.58
64,"Expt1","LOC1","2025",64,4,9,0,82,"G-82",74.41
65,"Expt1","LOC1","2025",65,4,8,107,107,"G-107",60.69
66,"Expt1","LOC1","2025",66,4,7,0,143,"G-143",66.4
67,"Expt1","LOC1","2025",67,4,6,0,22,"G-22",68.68
68,"Expt1","LOC1","2025",68,4,5,0,9,"G-9",67.22
69,"Expt1","LOC1","2025",69,4,4,0,13,"G-13",61.32
70,"Expt1","LOC1","2025",70,4,3,46,46,"G-46",62.84
71,"Expt1","LOC1","2025",71,4,2,0,17,"G-17",68.38
72,"Expt1","LOC1","2025",72,4,1,0,173,"G-173",64.64
73,"Expt1","LOC1","2025",73,5,1,0,51,"G-51",68.5
74,"Expt1","LOC1","2025",74,5,2,0,90,"G-90",71.37
75,"Expt1","LOC1","2025",75,5,3,0,109,"G-109",66.35
76,"Expt1","LOC1","2025",76,5,4,47,47,"G-47",60.7
77,"Expt1","LOC1","2025",77,5,5,0,148,"G-148",65.48
78,"Expt1","LOC1","2025",78,5,6,68,68,"G-68",69.46
79,"Expt1","LOC1","2025",79,5,7,0,166,"G-166",70.89
80,"Expt1","LOC1","2025",80,5,8,0,122,"G-122",68.34
81,"Expt1","LOC1","2025",81,5,9,0,80,"G-80",61
82,"Expt1","LOC1","2025",82,5,10,24,24,"G-24",72.01
83,"Expt1","LOC1","2025",83,5,11,0,136,"G-136",61.55
84,"Expt1","LOC1","2025",84,5,12,0,23,"G-23",67.56
85,"Expt1","LOC1","2025",85,5,13,0,29,"G-29",61.57
86,"Expt1","LOC1","2025",86,5,14,0,94,"G-94",64.89
87,"Expt1","LOC1","2025",87,5,15,0,1,"G-1",73.09
88,"Expt1","LOC1","2025",88,5,16,0,28,"G-28",63.47
89,"Expt1","LOC1","2025",89,5,17,0,156,"G-156",64.94
90,"Expt1","LOC1","2025",90,5,18,14,14,"G-14",65.56
91,"Expt1","LOC1","2025",91,6,18,30,30,"G-30",66.44
92,"Expt1","LOC1","2025",92,6,17,126,126,"G-126",74.97
93,"Expt1","LOC1","2025",93,6,16,0,56,"G-56",69.53
94,"Expt1","LOC1","2025",94,6,15,0,62,"G-62",67.34
95,"Expt1","LOC1","2025",95,6,14,0,118,"G-118",70.03
96,"Expt1","LOC1","2025",96,6,13,0,129,"G-129",62.14
97,"Expt1","LOC1","2025",97,6,12,0,16,"G-16",64.57
98,"Expt1","LOC1","2025",98,6,11,0,86,"G-86",64.9
99,"Expt1","LOC1","2025",99,6,10,0,52,"G-52",65.11
100,"Expt1","LOC1","2025",100,6,9,126,126,"G-126",75.39
101,"Expt1","LOC1","2025",101,6,8,0,87,"G-87",72.8
102,"Expt1","LOC1","2025",102,6,7,0,39,"G-39",73.36
103,"Expt1","LOC1","2025",103,6,6,0,128,"G-128",68.72
104,"Expt1","LOC1","2025",104,6,5,154,154,"G-154",78.61
105,"Expt1","LOC1","2025",105,6,4,89,89,"G-89",73.17
106,"Expt1","LOC1","2025",106,6,3,0,98,"G-98",74.99
107,"Expt1","LOC1","2025",107,6,2,0,139,"G-139",65.08
108,"Expt1","LOC1","2025",108,6,1,63,63,"G-63",62.95
109,"Expt1","LOC1","2025",109,7,1,0,99,"G-99",68.57
110,"Expt1","LOC1","2025",110,7,2,131,131,"G-131",75.3
111,"Expt1","LOC1","2025",111,7,3,0,152,"G-152",61.9
112,"Expt1","LOC1","2025",112,7,4,0,165,"G-165",72.54
113,"Expt1","LOC1","2025",113,7,5,0,108,"G-108",74.83
114,"Expt1","LOC1","2025",114,7,6,79,79,"G-79",62.72
115,"Expt1","LOC1","2025",115,7,7,0,149,"G-149",69.42
116,"Expt1","LOC1","2025",116,7,8,0,26,"G-26",70.54
117,"Expt1","LOC1","2025",117,7,9,3,3,"G-3",73.98
118,"Expt1","LOC1","2025",118,7,10,0,95,"G-95",70.22
119,"Expt1","LOC1","2025",119,7,11,0,106,"G-106",70.01
120,"Expt1","LOC1","2025",120,7,12,157,157,"G-157",63.15
121,"Expt1","LOC1","2025",121,7,13,146,146,"G-146",63.93
122,"Expt1","LOC1","2025",122,7,14,131,131,"G-131",76.36
123,"Expt1","LOC1","2025",123,7,15,0,115,"G-115",59.98
124,"Expt1","LOC1","2025",124,7,16,162,162,"G-162",66.88
125,"Expt1","LOC1","2025",125,7,17,154,154,"G-154",78.85
126,"Expt1","LOC1","2025",126,7,18,0,153,"G-153",65.94
127,"Expt1","LOC1","2025",127,8,18,0,33,"G-33",63.79
128,"Expt1","LOC1","2025",128,8,17,0,145,"G-145",62.11
129,"Expt1","LOC1","2025",129,8,16,0,140,"G-140",63.53
130,"Expt1","LOC1","2025",130,8,15,0,158,"G-158",69.76
131,"Expt1","LOC1","2025",131,8,14,0,36,"G-36",72.76
132,"Expt1","LOC1","2025",132,8,13,0,70,"G-70",67.64
133,"Expt1","LOC1","2025",133,8,12,0,42,"G-42",70.89
134,"Expt1","LOC1","2025",134,8,11,104,104,"G-104",67.62
135,"Expt1","LOC1","2025",135,8,10,0,64,"G-64",67.87
136,"Expt1","LOC1","2025",136,8,9,168,168,"G-168",71.31
137,"Expt1","LOC1","2025",137,8,8,0,119,"G-119",69.61
138,"Expt1","LOC1","2025",138,8,7,0,124,"G-124",62.25
139,"Expt1","LOC1","2025",139,8,6,0,170,"G-170",61.86
140,"Expt1","LOC1","2025",140,8,5,55,55,"G-55",65.86
141,"Expt1","LOC1","2025",141,8,4,0,117,"G-117",62.51
142,"Expt1","LOC1","2025",142,8,3,0,91,"G-91",73.69
143,"Expt1","LOC1","2025",143,8,2,162,162,"G-162",65.23
144,"Expt1","LOC1","2025",144,8,1,157,157,"G-157",63.03
145,"Expt1","LOC1","2025",145,9,1,0,127,"G-127",75.02
146,"Expt1","LOC1","2025",146,9,2,172,172,"G-172",64.14
147,"Expt1","LOC1","2025",147,9,3,110,110,"G-110",76.2
148,"Expt1","LOC1","2025",148,9,4,0,84,"G-84",67.01
149,"Expt1","LOC1","2025",149,9,5,0,130,"G-130",65.96
150,"Expt1","LOC1","2025",150,9,6,0,137,"G-137",60.82
151,"Expt1","LOC1","2025",151,9,7,0,134,"G-134",62.84
152,"Expt1","LOC1","2025",152,9,8,0,5,"G-5",69.9
153,"Expt1","LOC1","2025",153,9,9,0,4,"G-4",74.14
154,"Expt1","LOC1","2025",154,9,10,0,10,"G-10",79.62
155,"Expt1","LOC1","2025",155,9,11,0,161,"G-161",69.09
156,"Expt1","LOC1","2025",156,9,12,0,102,"G-102",63.88
157,"Expt1","LOC1","2025",157,9,13,0,66,"G-66",68.44
158,"Expt1","LOC1","2025",158,9,14,76,76,"G-76",72.74
159,"Expt1","LOC1","2025",159,9,15,0,125,"G-125",62.07
160,"Expt1","LOC1","2025",160,9,16,0,58,"G-58",66.12
161,"Expt1","LOC1","2025",161,9,17,24,24,"G-24",70.48
162,"Expt1","LOC1","2025",162,9,18,46,46,"G-46",61.94
163,"Expt1","LOC1","2025",163,10,18,0,71,"G-71",66.46
164,"Expt1","LOC1","2025",164,10,17,55,55,"G-55",66.68
165,"Expt1","LOC1","2025",165,10,16,0,164,"G-164",75.67
166,"Expt1","LOC1","2025",166,10,15,7,7,"G-7",62.81
167,"Expt1","LOC1","2025",167,10,14,171,171,"G-171",76.44
168,"Expt1","LOC1","2025",168,10,13,89,89,"G-89",73.2
169,"Expt1","LOC1","2025",169,10,12,0,49,"G-49",71.11
170,"Expt1","LOC1","2025",170,10,11,0,97,"G-97",66.27
171,"Expt1","LOC1","2025",171,10,10,0,41,"G-41",76.64
172,"Expt1","LOC1","2025",172,10,9,0,40,"G-40",65.8
173,"Expt1","LOC1","2025",173,10,8,0,21,"G-21",66.15
174,"Expt1","LOC1","2025",174,10,7,0,88,"G-88",66.26
175,"Expt1","LOC1","2025",175,10,6,171,171,"G-171",76.65
176,"Expt1","LOC1","2025",176,10,5,0,112,"G-112",62.74
177,"Expt1","LOC1","2025",177,10,4,74,74,"G-74",67.93
178,"Expt1","LOC1","2025",178,10,3,0,20,"G-20",62.16
179,"Expt1","LOC1","2025",179,10,2,0,38,"G-38",66.13
180,"Expt1","LOC1","2025",180,10,1,0,113,"G-113",67.8
181,"Expt1","LOC1","2025",181,11,1,155,155,"G-155",71.9
182,"Expt1","LOC1","2025",182,11,2,0,8,"G-8",66.9
183,"Expt1","LOC1","2025",183,11,3,96,96,"G-96",68.52
184,"Expt1","LOC1","2025",184,11,4,30,30,"G-30",68.68
185,"Expt1","LOC1","2025",185,11,5,0,176,"G-176",70.56
186,"Expt1","LOC1","2025",186,11,6,0,73,"G-73",63.53
187,"Expt1","LOC1","2025",187,11,7,0,44,"G-44",63.17
188,"Expt1","LOC1","2025",188,11,8,0,18,"G-18",62.03
189,"Expt1","LOC1","2025",189,11,9,14,14,"G-14",65.1
190,"Expt1","LOC1","2025",190,11,10,0,50,"G-50",66.63
191,"Expt1","LOC1","2025",191,11,11,103,103,"G-103",63.97
192,"Expt1","LOC1","2025",192,11,12,0,92,"G-92",62.65
193,"Expt1","LOC1","2025",193,11,13,0,15,"G-15",65.05
194,"Expt1","LOC1","2025",194,11,14,96,96,"G-96",67.82
195,"Expt1","LOC1","2025",195,11,15,68,68,"G-68",69.08
196,"Expt1","LOC1","2025",196,11,16,0,11,"G-11",71.45
197,"Expt1","LOC1","2025",197,11,17,75,75,"G-75",71.21
198,"Expt1","LOC1","2025",198,11,18,0,31,"G-31",65.52
199,"Expt1","LOC1","2025",199,12,18,142,142,"G-142",66.07
200,"Expt1","LOC1","2025",200,12,17,138,138,"G-138",62.37
201,"Expt1","LOC1","2025",201,12,16,79,79,"G-79",62.69
202,"Expt1","LOC1","2025",202,12,15,155,155,"G-155",72.79
203,"Expt1","LOC1","2025",203,12,14,107,107,"G-107",62.32
204,"Expt1","LOC1","2025",204,12,13,63,63,"G-63",64.83
205,"Expt1","LOC1","2025",205,12,12,0,151,"G-151",74.97
206,"Expt1","LOC1","2025",206,12,11,123,123,"G-123",62.96
207,"Expt1","LOC1","2025",207,12,10,0,27,"G-27",74.78
208,"Expt1","LOC1","2025",208,12,9,0,180,"G-180",61.05
209,"Expt1","LOC1","2025",209,12,8,111,111,"G-111",65.26
210,"Expt1","LOC1","2025",210,12,7,0,81,"G-81",62.99
211,"Expt1","LOC1","2025",211,12,6,35,35,"G-35",69.77
212,"Expt1","LOC1","2025",212,12,5,0,105,"G-105",61.76
213,"Expt1","LOC1","2025",213,12,4,76,76,"G-76",72.61
214,"Expt1","LOC1","2025",214,12,3,0,78,"G-78",67.12
215,"Expt1","LOC1","2025",215,12,2,138,138,"G-138",62.15
216,"Expt1","LOC1","2025",216,12,1,0,77,"G-77",67.89
217,"Expt1","LOC2","2025",1001,1,1,16,16,"G-16",65.01
218,"Expt1","LOC2","2025",1002,1,2,0,111,"G-111",65.03
219,"Expt1","LOC2","2025",1003,1,3,113,113,"G-113",67.06
220,"Expt1","LOC2","2025",1004,1,4,0,166,"G-166",71.13
221,"Expt1","LOC2","2025",1005,1,5,0,100,"G-100",72.54
222,"Expt1","LOC2","2025",1006,1,6,0,102,"G-102",63.45
223,"Expt1","LOC2","2025",1007,1,7,0,145,"G-145",62.86
224,"Expt1","LOC2","2025",1008,1,8,105,105,"G-105",61.73
225,"Expt1","LOC2","2025",1009,1,9,128,128,"G-128",68.69
226,"Expt1","LOC2","2025",1010,1,10,0,72,"G-72",68.71
227,"Expt1","LOC2","2025",1011,1,11,0,177,"G-177",60.29
228,"Expt1","LOC2","2025",1012,1,12,58,58,"G-58",67.16
229,"Expt1","LOC2","2025",1013,1,13,49,49,"G-49",72.71
230,"Expt1","LOC2","2025",1014,1,14,0,114,"G-114",68.06
231,"Expt1","LOC2","2025",1015,1,15,0,153,"G-153",67.75
232,"Expt1","LOC2","2025",1016,1,16,0,34,"G-34",65.75
233,"Expt1","LOC2","2025",1017,1,17,152,152,"G-152",61.39
234,"Expt1","LOC2","2025",1018,1,18,124,124,"G-124",63.18
235,"Expt1","LOC2","2025",1019,2,18,115,115,"G-115",60.16
236,"Expt1","LOC2","2025",1020,2,17,0,27,"G-27",73.04
237,"Expt1","LOC2","2025",1021,2,16,0,176,"G-176",70.74
238,"Expt1","LOC2","2025",1022,2,15,0,108,"G-108",74.64
239,"Expt1","LOC2","2025",1023,2,14,87,87,"G-87",72.95
240,"Expt1","LOC2","2025",1024,2,13,12,12,"G-12",64.8
241,"Expt1","LOC2","2025",1025,2,12,80,80,"G-80",60.41
242,"Expt1","LOC2","2025",1026,2,11,147,147,"G-147",62.51
243,"Expt1","LOC2","2025",1027,2,10,0,59,"G-59",57.6
244,"Expt1","LOC2","2025",1028,2,9,0,5,"G-5",69.57
245,"Expt1","LOC2","2025",1029,2,8,0,142,"G-142",68.41
246,"Expt1","LOC2","2025",1030,2,7,133,133,"G-133",71.91
247,"Expt1","LOC2","2025",1031,2,6,0,11,"G-11",71.81
248,"Expt1","LOC2","2025",1032,2,5,0,75,"G-75",71.08
249,"Expt1","LOC2","2025",1033,2,4,31,31,"G-31",65.75
250,"Expt1","LOC2","2025",1034,2,3,0,159,"G-159",66.62
251,"Expt1","LOC2","2025",1035,2,2,0,57,"G-57",69.94
252,"Expt1","LOC2","2025",1036,2,1,125,125,"G-125",61.72
253,"Expt1","LOC2","2025",1037,3,1,49,49,"G-49",69.92
254,"Expt1","LOC2","2025",1038,3,2,0,122,"G-122",67.6
255,"Expt1","LOC2","2025",1039,3,3,0,127,"G-127",74.35
256,"Expt1","LOC2","2025",1040,3,4,65,65,"G-65",62.1
257,"Expt1","LOC2","2025",1041,3,5,0,7,"G-7",64
258,"Expt1","LOC2","2025",1042,3,6,0,70,"G-70",67.68
259,"Expt1","LOC2","2025",1043,3,7,0,140,"G-140",62.98
260,"Expt1","LOC2","2025",1044,3,8,152,152,"G-152",61.51
261,"Expt1","LOC2","2025",1045,3,9,0,82,"G-82",74.8
262,"Expt1","LOC2","2025",1046,3,10,0,8,"G-8",66.39
263,"Expt1","LOC2","2025",1047,3,11,0,136,"G-136",63.03
264,"Expt1","LOC2","2025",1048,3,12,0,164,"G-164",74.86
265,"Expt1","LOC2","2025",1049,3,13,0,169,"G-169",66.23
266,"Expt1","LOC2","2025",1050,3,14,0,117,"G-117",63.22
267,"Expt1","LOC2","2025",1051,3,15,0,6,"G-6",59.39
268,"Expt1","LOC2","2025",1052,3,16,0,60,"G-60",60.88
269,"Expt1","LOC2","2025",1053,3,17,0,14,"G-14",65.9
270,"Expt1","LOC2","2025",1054,3,18,0,33,"G-33",66.12
271,"Expt1","LOC2","2025",1055,4,18,45,45,"G-45",62.08
272,"Expt1","LOC2","2025",1056,4,17,0,78,"G-78",66.32
273,"Expt1","LOC2","2025",1057,4,16,150,150,"G-150",61.6
274,"Expt1","LOC2","2025",1058,4,15,0,156,"G-156",65.63
275,"Expt1","LOC2","2025",1059,4,14,133,133,"G-133",71.61
276,"Expt1","LOC2","2025",1060,4,13,0,110,"G-110",75.38
277,"Expt1","LOC2","2025",1061,4,12,99,99,"G-99",67.27
278,"Expt1","LOC2","2025",1062,4,11,0,21,"G-21",65.17
279,"Expt1","LOC2","2025",1063,4,10,0,47,"G-47",60.39
280,"Expt1","LOC2","2025",1064,4,9,0,137,"G-137",62.55
281,"Expt1","LOC2","2025",1065,4,8,0,97,"G-97",65.45
282,"Expt1","LOC2","2025",1066,4,7,0,2,"G-2",66.39
283,"Expt1","LOC2","2025",1067,4,6,150,150,"G-150",61.24
284,"Expt1","LOC2","2025",1068,4,5,0,101,"G-101",70.98
285,"Expt1","LOC2","2025",1069,4,4,0,20,"G-20",60.89
286,"Expt1","LOC2","2025",1070,4,3,0,19,"G-19",70.01
287,"Expt1","LOC2","2025",1071,4,2,56,56,"G-56",68.37
288,"Expt1","LOC2","2025",1072,4,1,0,51,"G-51",67.31
289,"Expt1","LOC2","2025",1073,5,1,25,25,"G-25",66.96
290,"Expt1","LOC2","2025",1074,5,2,0,89,"G-89",74.28
291,"Expt1","LOC2","2025",1075,5,3,0,144,"G-144",63.56
292,"Expt1","LOC2","2025",1076,5,4,0,4,"G-4",74.24
293,"Expt1","LOC2","2025",1077,5,5,17,17,"G-17",68.83
294,"Expt1","LOC2","2025",1078,5,6,0,138,"G-138",63.15
295,"Expt1","LOC2","2025",1079,5,7,86,86,"G-86",65.48
296,"Expt1","LOC2","2025",1080,5,8,0,35,"G-35",70.86
297,"Expt1","LOC2","2025",1081,5,9,0,155,"G-155",72.11
298,"Expt1","LOC2","2025",1082,5,10,0,43,"G-43",66.01
299,"Expt1","LOC2","2025",1083,5,11,0,109,"G-109",63.72
300,"Expt1","LOC2","2025",1084,5,12,0,173,"G-173",65.52
301,"Expt1","LOC2","2025",1085,5,13,0,30,"G-30",67.92
302,"Expt1","LOC2","2025",1086,5,14,48,48,"G-48",74.62
303,"Expt1","LOC2","2025",1087,5,15,0,29,"G-29",60.93
304,"Expt1","LOC2","2025",1088,5,16,0,53,"G-53",78.42
305,"Expt1","LOC2","2025",1089,5,17,121,121,"G-121",65.57
306,"Expt1","LOC2","2025",1090,5,18,0,18,"G-18",62.69
307,"Expt1","LOC2","2025",1091,6,18,25,25,"G-25",65.95
308,"Expt1","LOC2","2025",1092,6,17,0,179,"G-179",64.69
309,"Expt1","LOC2","2025",1093,6,16,0,61,"G-61",70.05
310,"Expt1","LOC2","2025",1094,6,15,0,88,"G-88",66.07
311,"Expt1","LOC2","2025",1095,6,14,0,175,"G-175",63.9
312,"Expt1","LOC2","2025",1096,6,13,0,55,"G-55",67.77
313,"Expt1","LOC2","2025",1097,6,12,31,31,"G-31",65.41
314,"Expt1","LOC2","2025",1098,6,11,0,132,"G-132",64.63
315,"Expt1","LOC2","2025",1099,6,10,0,3,"G-3",73.25
316,"Expt1","LOC2","2025",1100,6,9,0,46,"G-46",62.76
317,"Expt1","LOC2","2025",1101,6,8,0,134,"G-134",63.39
318,"Expt1","LOC2","2025",1102,6,7,0,84,"G-84",66.4
319,"Expt1","LOC2","2025",1103,6,6,0,83,"G-83",71.15
320,"Expt1","LOC2","2025",1104,6,5,0,40,"G-40",65.97
321,"Expt1","LOC2","2025",1105,6,4,0,123,"G-123",62.07
322,"Expt1","LOC2","2025",1106,6,3,0,76,"G-76",73.29
323,"Expt1","LOC2","2025",1107,6,2,0,44,"G-44",65.27
324,"Expt1","LOC2","2025",1108,6,1,165,165,"G-165",71.16
325,"Expt1","LOC2","2025",1109,7,1,0,63,"G-63",62.99
326,"Expt1","LOC2","2025",1110,7,2,9,9,"G-9",68.06
327,"Expt1","LOC2","2025",1111,7,3,0,119,"G-119",70.53
328,"Expt1","LOC2","2025",1112,7,4,0,162,"G-162",66.49
329,"Expt1","LOC2","2025",1113,7,5,0,96,"G-96",67.64
330,"Expt1","LOC2","2025",1114,7,6,0,151,"G-151",74.09
331,"Expt1","LOC2","2025",1115,7,7,0,74,"G-74",66.6
332,"Expt1","LOC2","2025",1116,7,8,0,116,"G-116",73.17
333,"Expt1","LOC2","2025",1117,7,9,37,37,"G-37",72.37
334,"Expt1","LOC2","2025",1118,7,10,0,174,"G-174",64.43
335,"Expt1","LOC2","2025",1119,7,11,0,172,"G-172",62.83
336,"Expt1","LOC2","2025",1120,7,12,115,115,"G-115",59.26
337,"Expt1","LOC2","2025",1121,7,13,17,17,"G-17",68.79
338,"Expt1","LOC2","2025",1122,7,14,0,107,"G-107",63.03
339,"Expt1","LOC2","2025",1123,7,15,95,95,"G-95",70.85
340,"Expt1","LOC2","2025",1124,7,16,86,86,"G-86",67.21
341,"Expt1","LOC2","2025",1125,7,17,0,24,"G-24",71.38
342,"Expt1","LOC2","2025",1126,7,18,120,120,"G-120",67.06
343,"Expt1","LOC2","2025",1127,8,18,0,171,"G-171",74.85
344,"Expt1","LOC2","2025",1128,8,17,0,170,"G-170",62.15
345,"Expt1","LOC2","2025",1129,8,16,135,135,"G-135",71.17
346,"Expt1","LOC2","2025",1130,8,15,0,85,"G-85",64.95
347,"Expt1","LOC2","2025",1131,8,14,0,130,"G-130",67.24
348,"Expt1","LOC2","2025",1132,8,13,0,180,"G-180",60.69
349,"Expt1","LOC2","2025",1133,8,12,0,22,"G-22",70.02
350,"Expt1","LOC2","2025",1134,8,11,0,36,"G-36",72.9
351,"Expt1","LOC2","2025",1135,8,10,0,178,"G-178",67.44
352,"Expt1","LOC2","2025",1136,8,9,65,65,"G-65",63.19
353,"Expt1","LOC2","2025",1137,8,8,0,42,"G-42",69.92
354,"Expt1","LOC2","2025",1138,8,7,0,148,"G-148",63.95
355,"Expt1","LOC2","2025",1139,8,6,0,167,"G-167",64.08
356,"Expt1","LOC2","2025",1140,8,5,135,135,"G-135",69.41
357,"Expt1","LOC2","2025",1141,8,4,12,12,"G-12",64.04
358,"Expt1","LOC2","2025",1142,8,3,0,168,"G-168",71.72
359,"Expt1","LOC2","2025",1143,8,2,0,68,"G-68",69.31
360,"Expt1","LOC2","2025",1144,8,1,0,94,"G-94",62.96
361,"Expt1","LOC2","2025",1145,9,1,0,103,"G-103",64.93
362,"Expt1","LOC2","2025",1146,9,2,129,129,"G-129",62.69
363,"Expt1","LOC2","2025",1147,9,3,147,147,"G-147",62.84
364,"Expt1","LOC2","2025",1148,9,4,0,90,"G-90",71.14
365,"Expt1","LOC2","2025",1149,9,5,118,118,"G-118",67.58
366,"Expt1","LOC2","2025",1150,9,6,0,93,"G-93",66.74
367,"Expt1","LOC2","2025",1151,9,7,0,146,"G-146",63.83
368,"Expt1","LOC2","2025",1152,9,8,0,67,"G-67",61.12
369,"Expt1","LOC2","2025",1153,9,9,163,163,"G-163",80.76
370,"Expt1","LOC2","2025",1154,9,10,0,157,"G-157",64.01
371,"Expt1","LOC2","2025",1155,9,11,128,128,"G-128",68.82
372,"Expt1","LOC2","2025",1156,9,12,0,112,"G-112",62.95
373,"Expt1","LOC2","2025",1157,9,13,0,81,"G-81",63.48
374,"Expt1","LOC2","2025",1158,9,14,165,165,"G-165",71.21
375,"Expt1","LOC2","2025",1159,9,15,0,64,"G-64",66.83
376,"Expt1","LOC2","2025",1160,9,16,0,15,"G-15",65.52
377,"Expt1","LOC2","2025",1161,9,17,98,98,"G-98",73.59
378,"Expt1","LOC2","2025",1162,9,18,0,139,"G-139",62.87
379,"Expt1","LOC2","2025",1163,10,18,0,54,"G-54",62.58
380,"Expt1","LOC2","2025",1164,10,17,56,56,"G-56",68.14
381,"Expt1","LOC2","2025",1165,10,16,37,37,"G-37",72.38
382,"Expt1","LOC2","2025",1166,10,15,0,160,"G-160",65.45
383,"Expt1","LOC2","2025",1167,10,14,129,129,"G-129",61.57
384,"Expt1","LOC2","2025",1168,10,13,80,80,"G-80",60.34
385,"Expt1","LOC2","2025",1169,10,12,118,118,"G-118",68.74
386,"Expt1","LOC2","2025",1170,10,11,0,10,"G-10",79.1
387,"Expt1","LOC2","2025",1171,10,10,0,92,"G-92",64.09
388,"Expt1","LOC2","2025",1172,10,9,0,79,"G-79",62.78
389,"Expt1","LOC2","2025",1173,10,8,0,131,"G-131",74.43
390,"Expt1","LOC2","2025",1174,10,7,0,126,"G-126",75.11
391,"Expt1","LOC2","2025",1175,10,6,113,113,"G-113",67.78
392,"Expt1","LOC2","2025",1176,10,5,0,161,"G-161",68.9
393,"Expt1","LOC2","2025",1177,10,4,0,104,"G-104",68.72
394,"Expt1","LOC2","2025",1178,10,3,98,98,"G-98",75.02
395,"Expt1","LOC2","2025",1179,10,2,125,125,"G-125",62.86
396,"Expt1","LOC2","2025",1180,10,1,0,13,"G-13",62.2
397,"Expt1","LOC2","2025",1181,11,1,163,163,"G-163",80.34
398,"Expt1","LOC2","2025",1182,11,2,120,120,"G-120",68.97
399,"Expt1","LOC2","2025",1183,11,3,105,105,"G-105",62.56
400,"Expt1","LOC2","2025",1184,11,4,45,45,"G-45",62.88
401,"Expt1","LOC2","2025",1185,11,5,0,77,"G-77",68.39
402,"Expt1","LOC2","2025",1186,11,6,0,41,"G-41",75.02
403,"Expt1","LOC2","2025",1187,11,7,0,158,"G-158",69.93
404,"Expt1","LOC2","2025",1188,11,8,121,121,"G-121",65.72
405,"Expt1","LOC2","2025",1189,11,9,124,124,"G-124",62.65
406,"Expt1","LOC2","2025",1190,11,10,0,149,"G-149",69.96
407,"Expt1","LOC2","2025",1191,11,11,0,32,"G-32",64.32
408,"Expt1","LOC2","2025",1192,11,12,0,141,"G-141",70.36
409,"Expt1","LOC2","2025",1193,11,13,0,1,"G-1",72.51
410,"Expt1","LOC2","2025",1194,11,14,0,38,"G-38",65.19
411,"Expt1","LOC2","2025",1195,11,15,0,50,"G-50",66.25
412,"Expt1","LOC2","2025",1196,11,16,0,143,"G-143",66.26
413,"Expt1","LOC2","2025",1197,11,17,0,66,"G-66",69.2
414,"Expt1","LOC2","2025",1198,11,18,0,23,"G-23",67.28
415,"Expt1","LOC2","2025",1199,12,18,99,99,"G-99",66.84
416,"Expt1","LOC2","2025",1200,12,17,0,71,"G-71",67.02
417,"Expt1","LOC2","2025",1201,12,16,58,58,"G-58",66.22
418,"Expt1","LOC2","2025",1202,12,15,0,52,"G-52",66.74
419,"Expt1","LOC2","2025",1203,12,14,16,16,"G-16",66.47
420,"Expt1","LOC2","2025",1204,12,13,0,154,"G-154",80.63
421,"Expt1","LOC2","2025",1205,12,12,0,73,"G-73",64.85
422,"Expt1","LOC2","2025",1206,12,11,0,69,"G-69",69.24
423,"Expt1","LOC2","2025",1207,12,10,9,9,"G-9",69.57
424,"Expt1","LOC2","2025",1208,12,9,87,87,"G-87",72.45
425,"Expt1","LOC2","2025",1209,12,8,0,28,"G-28",63.93
426,"Expt1","LOC2","2025",1210,12,7,0,26,"G-26",69.2
427,"Expt1","LOC2","2025",1211,12,6,0,91,"G-91",72.5
428,"Expt1","LOC2","2025",1212,12,5,0,39,"G-39",73.06
429,"Expt1","LOC2","2025",1213,12,4,0,62,"G-62",67.3
430,"Expt1","LOC2","2025",1214,12,3,48,48,"G-48",73.2
431,"Expt1","LOC2","2025",1215,12,2,0,106,"G-106",69.47
432,"Expt1","LOC2","2025",1216,12,1,95,95,"G-95",70.05
433,"Expt1","LOC3","2025",2001,1,1,0,31,"G-31",65.85
434,"Expt1","LOC3","2025",2002,1,2,164,164,"G-164",75.01
435,"Expt1","LOC3","2025",2003,1,3,0,68,"G-68",68.69
436,"Expt1","LOC3","2025",2004,1,4,0,88,"G-88",66.41
437,"Expt1","LOC3","2025",2005,1,5,177,177,"G-177",60.51
438,"Expt1","LOC3","2025",2006,1,6,0,154,"G-154",78.47
439,"Expt1","LOC3","2025",2007,1,7,0,30,"G-30",67.94
440,"Expt1","LOC3","2025",2008,1,8,170,170,"G-170",62.31
441,"Expt1","LOC3","2025",2009,1,9,0,176,"G-176",70.29
442,"Expt1","LOC3","2025",2010,1,10,100,100,"G-100",72.24
443,"Expt1","LOC3","2025",2011,1,11,0,89,"G-89",73.55
444,"Expt1","LOC3","2025",2012,1,12,161,161,"G-161",69.51
445,"Expt1","LOC3","2025",2013,1,13,0,8,"G-8",67.34
446,"Expt1","LOC3","2025",2014,1,14,0,54,"G-54",64.13
447,"Expt1","LOC3","2025",2015,1,15,137,137,"G-137",62.33
448,"Expt1","LOC3","2025",2016,1,16,15,15,"G-15",67.42
449,"Expt1","LOC3","2025",2017,1,17,164,164,"G-164",75.67
450,"Expt1","LOC3","2025",2018,1,18,0,130,"G-130",67
451,"Expt1","LOC3","2025",2019,2,18,82,82,"G-82",74.17
452,"Expt1","LOC3","2025",2020,2,17,36,36,"G-36",73.36
453,"Expt1","LOC3","2025",2021,2,16,134,134,"G-134",63.23
454,"Expt1","LOC3","2025",2022,2,15,0,109,"G-109",64.49
455,"Expt1","LOC3","2025",2023,2,14,0,72,"G-72",69.42
456,"Expt1","LOC3","2025",2024,2,13,0,95,"G-95",71.46
457,"Expt1","LOC3","2025",2025,2,12,28,28,"G-28",63.98
458,"Expt1","LOC3","2025",2026,2,11,21,21,"G-21",66.79
459,"Expt1","LOC3","2025",2027,2,10,23,23,"G-23",68.85
460,"Expt1","LOC3","2025",2028,2,9,0,152,"G-152",61.33
461,"Expt1","LOC3","2025",2029,2,8,0,79,"G-79",63.73
462,"Expt1","LOC3","2025",2030,2,7,0,40,"G-40",66.77
463,"Expt1","LOC3","2025",2031,2,6,0,27,"G-27",73.34
464,"Expt1","LOC3","2025",2032,2,5,0,32,"G-32",65.32
465,"Expt1","LOC3","2025",2033,2,4,82,82,"G-82",72.86
466,"Expt1","LOC3","2025",2034,2,3,28,28,"G-28",63.38
467,"Expt1","LOC3","2025",2035,2,2,0,135,"G-135",70.28
468,"Expt1","LOC3","2025",2036,2,1,0,81,"G-81",63.23
469,"Expt1","LOC3","2025",2037,3,1,0,75,"G-75",69.12
470,"Expt1","LOC3","2025",2038,3,2,0,121,"G-121",66.09
471,"Expt1","LOC3","2025",2039,3,3,36,36,"G-36",72.7
472,"Expt1","LOC3","2025",2040,3,4,0,157,"G-157",61.85
473,"Expt1","LOC3","2025",2041,3,5,0,50,"G-50",67.35
474,"Expt1","LOC3","2025",2042,3,6,0,38,"G-38",65.32
475,"Expt1","LOC3","2025",2043,3,7,101,101,"G-101",71.06
476,"Expt1","LOC3","2025",2044,3,8,0,132,"G-132",65.5
477,"Expt1","LOC3","2025",2045,3,9,0,124,"G-124",64.98
478,"Expt1","LOC3","2025",2046,3,10,0,140,"G-140",63.45
479,"Expt1","LOC3","2025",2047,3,11,0,26,"G-26",70
480,"Expt1","LOC3","2025",2048,3,12,0,108,"G-108",74.6
481,"Expt1","LOC3","2025",2049,3,13,0,143,"G-143",66.34
482,"Expt1","LOC3","2025",2050,3,14,4,4,"G-4",74.63
483,"Expt1","LOC3","2025",2051,3,15,1,1,"G-1",72.77
484,"Expt1","LOC3","2025",2052,3,16,64,64,"G-64",66.35
485,"Expt1","LOC3","2025",2053,3,17,159,159,"G-159",67.22
486,"Expt1","LOC3","2025",2054,3,18,0,105,"G-105",62.79
487,"Expt1","LOC3","2025",2055,4,18,0,39,"G-39",73.56
488,"Expt1","LOC3","2025",2056,4,17,0,115,"G-115",58.86
489,"Expt1","LOC3","2025",2057,4,16,0,125,"G-125",61.92
490,"Expt1","LOC3","2025",2058,4,15,59,59,"G-59",56.22
491,"Expt1","LOC3","2025",2059,4,14,0,63,"G-63",63.31
492,"Expt1","LOC3","2025",2060,4,13,42,42,"G-42",70.04
493,"Expt1","LOC3","2025",2061,4,12,0,18,"G-18",61.92
494,"Expt1","LOC3","2025",2062,4,11,60,60,"G-60",60.2
495,"Expt1","LOC3","2025",2063,4,10,0,156,"G-156",66.65
496,"Expt1","LOC3","2025",2064,4,9,0,94,"G-94",64.22
497,"Expt1","LOC3","2025",2065,4,8,141,141,"G-141",70.34
498,"Expt1","LOC3","2025",2066,4,7,0,48,"G-48",73.47
499,"Expt1","LOC3","2025",2067,4,6,0,96,"G-96",67.45
500,"Expt1","LOC3","2025",2068,4,5,0,58,"G-58",66.42
501,"Expt1","LOC3","2025",2069,4,4,0,155,"G-155",71.05
502,"Expt1","LOC3","2025",2070,4,3,0,13,"G-13",62.45
503,"Expt1","LOC3","2025",2071,4,2,0,43,"G-43",65.01
504,"Expt1","LOC3","2025",2072,4,1,0,114,"G-114",66.18
505,"Expt1","LOC3","2025",2073,5,1,11,11,"G-11",70.87
506,"Expt1","LOC3","2025",2074,5,2,0,147,"G-147",62.94
507,"Expt1","LOC3","2025",2075,5,3,0,113,"G-113",68.86
508,"Expt1","LOC3","2025",2076,5,4,0,179,"G-179",65.43
509,"Expt1","LOC3","2025",2077,5,5,0,158,"G-158",70.4
510,"Expt1","LOC3","2025",2078,5,6,0,118,"G-118",69.32
511,"Expt1","LOC3","2025",2079,5,7,0,168,"G-168",71.71
512,"Expt1","LOC3","2025",2080,5,8,0,173,"G-173",65.99
513,"Expt1","LOC3","2025",2081,5,9,0,120,"G-120",68.52
514,"Expt1","LOC3","2025",2082,5,10,0,150,"G-150",62.54
515,"Expt1","LOC3","2025",2083,5,11,0,106,"G-106",68.87
516,"Expt1","LOC3","2025",2084,5,12,139,139,"G-139",62.77
517,"Expt1","LOC3","2025",2085,5,13,0,2,"G-2",66.14
518,"Expt1","LOC3","2025",2086,5,14,0,138,"G-138",64.53
519,"Expt1","LOC3","2025",2087,5,15,0,45,"G-45",61.5
520,"Expt1","LOC3","2025",2088,5,16,84,84,"G-84",65.72
521,"Expt1","LOC3","2025",2089,5,17,0,17,"G-17",67.35
522,"Expt1","LOC3","2025",2090,5,18,141,141,"G-141",70.48
523,"Expt1","LOC3","2025",2091,6,18,0,35,"G-35",69.69
524,"Expt1","LOC3","2025",2092,6,17,0,90,"G-90",70.52
525,"Expt1","LOC3","2025",2093,6,16,0,6,"G-6",60.99
526,"Expt1","LOC3","2025",2094,6,15,0,71,"G-71",67.48
527,"Expt1","LOC3","2025",2095,6,14,0,171,"G-171",77.41
528,"Expt1","LOC3","2025",2096,6,13,0,44,"G-44",64.06
529,"Expt1","LOC3","2025",2097,6,12,0,122,"G-122",67.48
530,"Expt1","LOC3","2025",2098,6,11,0,70,"G-70",67.22
531,"Expt1","LOC3","2025",2099,6,10,0,175,"G-175",62.38
532,"Expt1","LOC3","2025",2100,6,9,0,91,"G-91",74.05
533,"Expt1","LOC3","2025",2101,6,8,0,117,"G-117",62.7
534,"Expt1","LOC3","2025",2102,6,7,0,119,"G-119",69.81
535,"Expt1","LOC3","2025",2103,6,6,0,165,"G-165",71.19
536,"Expt1","LOC3","2025",2104,6,5,0,29,"G-29",61.17
537,"Expt1","LOC3","2025",2105,6,4,0,110,"G-110",75.19
538,"Expt1","LOC3","2025",2106,6,3,0,85,"G-85",66.01
539,"Expt1","LOC3","2025",2107,6,2,0,55,"G-55",68.97
540,"Expt1","LOC3","2025",2108,6,1,178,178,"G-178",66.45
541,"Expt1","LOC3","2025",2109,7,1,62,62,"G-62",67.42
542,"Expt1","LOC3","2025",2110,7,2,0,103,"G-103",65.15
543,"Expt1","LOC3","2025",2111,7,3,0,98,"G-98",75.11
544,"Expt1","LOC3","2025",2112,7,4,0,149,"G-149",71.07
545,"Expt1","LOC3","2025",2113,7,5,0,86,"G-86",65.07
546,"Expt1","LOC3","2025",2114,7,6,4,4,"G-4",73.15
547,"Expt1","LOC3","2025",2115,7,7,0,22,"G-22",68.97
548,"Expt1","LOC3","2025",2116,7,8,0,25,"G-25",67.87
549,"Expt1","LOC3","2025",2117,7,9,0,169,"G-169",65.97
550,"Expt1","LOC3","2025",2118,7,10,174,174,"G-174",64.43
551,"Expt1","LOC3","2025",2119,7,11,0,73,"G-73",64.16
552,"Expt1","LOC3","2025",2120,7,12,0,123,"G-123",62.18
553,"Expt1","LOC3","2025",2121,7,13,0,51,"G-51",68.86
554,"Expt1","LOC3","2025",2122,7,14,0,57,"G-57",72.1
555,"Expt1","LOC3","2025",2123,7,15,0,14,"G-14",66.62
556,"Expt1","LOC3","2025",2124,7,16,0,102,"G-102",65.5
557,"Expt1","LOC3","2025",2125,7,17,148,148,"G-148",65.4
558,"Expt1","LOC3","2025",2126,7,18,0,145,"G-145",61.55
559,"Expt1","LOC3","2025",2127,8,18,161,161,"G-161",67.38
560,"Expt1","LOC3","2025",2128,8,17,0,151,"G-151",73.98
561,"Expt1","LOC3","2025",2129,8,16,0,53,"G-53",79.53
562,"Expt1","LOC3","2025",2130,8,15,0,128,"G-128",68.24
563,"Expt1","LOC3","2025",2131,8,14,0,34,"G-34",64.16
564,"Expt1","LOC3","2025",2132,8,13,0,92,"G-92",63.16
565,"Expt1","LOC3","2025",2133,8,12,0,76,"G-76",73.47
566,"Expt1","LOC3","2025",2134,8,11,0,74,"G-74",66.83
567,"Expt1","LOC3","2025",2135,8,10,0,99,"G-99",69.52
568,"Expt1","LOC3","2025",2136,8,9,0,144,"G-144",61.89
569,"Expt1","LOC3","2025",2137,8,8,0,52,"G-52",65.45
570,"Expt1","LOC3","2025",2138,8,7,116,116,"G-116",71.12
571,"Expt1","LOC3","2025",2139,8,6,0,16,"G-16",64.7
572,"Expt1","LOC3","2025",2140,8,5,0,24,"G-24",69.96
573,"Expt1","LOC3","2025",2141,8,4,112,112,"G-112",63.22
574,"Expt1","LOC3","2025",2142,8,3,139,139,"G-139",63.34
575,"Expt1","LOC3","2025",2143,8,2,0,33,"G-33",65.5
576,"Expt1","LOC3","2025",2144,8,1,0,41,"G-41",75.55
577,"Expt1","LOC3","2025",2145,9,1,93,93,"G-93",67.91
578,"Expt1","LOC3","2025",2146,9,2,100,100,"G-100",73.33
579,"Expt1","LOC3","2025",2147,9,3,0,129,"G-129",62.3
580,"Expt1","LOC3","2025",2148,9,4,0,46,"G-46",62.97
581,"Expt1","LOC3","2025",2149,9,5,0,66,"G-66",67.14
582,"Expt1","LOC3","2025",2150,9,6,0,142,"G-142",67.03
583,"Expt1","LOC3","2025",2151,9,7,0,49,"G-49",71.46
584,"Expt1","LOC3","2025",2152,9,8,20,20,"G-20",62.02
585,"Expt1","LOC3","2025",2153,9,9,136,136,"G-136",63.51
586,"Expt1","LOC3","2025",2154,9,10,93,93,"G-93",68.18
587,"Expt1","LOC3","2025",2155,9,11,160,160,"G-160",65.78
588,"Expt1","LOC3","2025",2156,9,12,0,104,"G-104",67.81
589,"Expt1","LOC3","2025",2157,9,13,0,167,"G-167",64.69
590,"Expt1","LOC3","2025",2158,9,14,0,126,"G-126",75.03
591,"Expt1","LOC3","2025",2159,9,15,0,5,"G-5",69.37
592,"Expt1","LOC3","2025",2160,9,16,0,12,"G-12",63.13
593,"Expt1","LOC3","2025",2161,9,17,0,10,"G-10",78.12
594,"Expt1","LOC3","2025",2162,9,18,0,131,"G-131",74.24
595,"Expt1","LOC3","2025",2163,10,18,136,136,"G-136",61.81
596,"Expt1","LOC3","2025",2164,10,17,15,15,"G-15",65.52
597,"Expt1","LOC3","2025",2165,10,16,0,163,"G-163",80.33
598,"Expt1","LOC3","2025",2166,10,15,78,78,"G-78",66.68
599,"Expt1","LOC3","2025",2167,10,14,0,97,"G-97",66.11
600,"Expt1","LOC3","2025",2168,10,13,0,133,"G-133",71.01
601,"Expt1","LOC3","2025",2169,10,12,0,146,"G-146",63.48
602,"Expt1","LOC3","2025",2170,10,11,0,3,"G-3",73.97
603,"Expt1","LOC3","2025",2171,10,10,0,67,"G-67",61.45
604,"Expt1","LOC3","2025",2172,10,9,0,83,"G-83",70.82
605,"Expt1","LOC3","2025",2173,10,8,0,111,"G-111",65.25
606,"Expt1","LOC3","2025",2174,10,7,0,69,"G-69",68.76
607,"Expt1","LOC3","2025",2175,10,6,148,148,"G-148",65.52
608,"Expt1","LOC3","2025",2176,10,5,78,78,"G-78",66.82
609,"Expt1","LOC3","2025",2177,10,4,0,77,"G-77",69.18
610,"Expt1","LOC3","2025",2178,10,3,177,177,"G-177",60.79
611,"Expt1","LOC3","2025",2179,10,2,0,47,"G-47",60.71
612,"Expt1","LOC3","2025",2180,10,1,23,23,"G-23",68.32
613,"Expt1","LOC3","2025",2181,11,1,0,180,"G-180",61.02
614,"Expt1","LOC3","2025",2182,11,2,0,107,"G-107",62.2
615,"Expt1","LOC3","2025",2183,11,3,134,134,"G-134",63.3
616,"Expt1","LOC3","2025",2184,11,4,59,59,"G-59",57.84
617,"Expt1","LOC3","2025",2185,11,5,0,37,"G-37",72.44
618,"Expt1","LOC3","2025",2186,11,6,101,101,"G-101",70.36
619,"Expt1","LOC3","2025",2187,11,7,0,19,"G-19",69.23
620,"Expt1","LOC3","2025",2188,11,8,159,159,"G-159",66.23
621,"Expt1","LOC3","2025",2189,11,9,1,1,"G-1",72.51
622,"Expt1","LOC3","2025",2190,11,10,0,9,"G-9",67.68
623,"Expt1","LOC3","2025",2191,11,11,0,153,"G-153",66.45
624,"Expt1","LOC3","2025",2192,11,12,0,166,"G-166",70.22
625,"Expt1","LOC3","2025",2193,11,13,11,11,"G-11",70.13
626,"Expt1","LOC3","2025",2194,11,14,0,172,"G-172",62.81
627,"Expt1","LOC3","2025",2195,11,15,0,7,"G-7",62.9
628,"Expt1","LOC3","2025",2196,11,16,0,80,"G-80",60.95
629,"Expt1","LOC3","2025",2197,11,17,116,116,"G-116",73.07
630,"Expt1","LOC3","2025",2198,11,18,0,162,"G-162",64.31
631,"Expt1","LOC3","2025",2199,12,18,112,112,"G-112",61.1
632,"Expt1","LOC3","2025",2200,12,17,20,20,"G-20",61.03
633,"Expt1","LOC3","2025",2201,12,16,0,87,"G-87",71.8
634,"Expt1","LOC3","2025",2202,12,15,21,21,"G-21",67.47
635,"Expt1","LOC3","2025",2203,12,14,42,42,"G-42",71.11
636,"Expt1","LOC3","2025",2204,12,13,137,137,"G-137",63.44
637,"Expt1","LOC3","2025",2205,12,12,0,56,"G-56",69.14
638,"Expt1","LOC3","2025",2206,12,11,62,62,"G-62",68
639,"Expt1","LOC3","2025",2207,12,10,170,170,"G-170",64.78
640,"Expt1","LOC3","2025",2208,12,9,0,61,"G-61",69.4
641,"Expt1","LOC3","2025",2209,12,8,178,178,"G-178",66.25
642,"Expt1","LOC3","2025",2210,12,7,64,64,"G-64",66.24
643,"Expt1","LOC3","2025",2211,12,6,60,60,"G-60",60.27
644,"Expt1","LOC3","2025",2212,12,5,0,65,"G-65",63.26
645,"Expt1","LOC3","2025",2213,12,4,0,127,"G-127",74.5
646,"Expt1","LOC3","2025",2214,12,3,84,84,"G-84",66.63
647,"Expt1","LOC3","2025",2215,12,2,174,174,"G-174",63.78
648,"Expt1","LOC3","2025",2216,12,1,160,160,"G-160",65.42
649,"Expt1","LOC4","2025",3001,1,1,38,38,"G-38",64.92
650,"Expt1","LOC4","2025",3002,1,2,92,92,"G-92",62.83
651,"Expt1","LOC4","2025",3003,1,3,27,27,"G-27",72.12
652,"Expt1","LOC4","2025",3004,1,4,149,149,"G-149",69.98
653,"Expt1","LOC4","2025",3005,1,5,166,166,"G-166",71.19
654,"Expt1","LOC4","2025",3006,1,6,0,114,"G-114",67.29
655,"Expt1","LOC4","2025",3007,1,7,169,169,"G-169",66.05
656,"Expt1","LOC4","2025",3008,1,8,0,49,"G-49",71.09
657,"Expt1","LOC4","2025",3009,1,9,0,48,"G-48",72.96
658,"Expt1","LOC4","2025",3010,1,10,0,1,"G-1",73.51
659,"Expt1","LOC4","2025",3011,1,11,151,151,"G-151",74.58
660,"Expt1","LOC4","2025",3012,1,12,0,164,"G-164",76.01
661,"Expt1","LOC4","2025",3013,1,13,70,70,"G-70",69.06
662,"Expt1","LOC4","2025",3014,1,14,54,54,"G-54",64.13
663,"Expt1","LOC4","2025",3015,1,15,0,58,"G-58",67.38
664,"Expt1","LOC4","2025",3016,1,16,0,144,"G-144",63.66
665,"Expt1","LOC4","2025",3017,1,17,106,106,"G-106",70.4
666,"Expt1","LOC4","2025",3018,1,18,88,88,"G-88",65.7
667,"Expt1","LOC4","2025",3019,2,18,127,127,"G-127",75.33
668,"Expt1","LOC4","2025",3020,2,17,0,35,"G-35",71.33
669,"Expt1","LOC4","2025",3021,2,16,169,169,"G-169",66.21
670,"Expt1","LOC4","2025",3022,2,15,0,158,"G-158",69.66
671,"Expt1","LOC4","2025",3023,2,14,0,170,"G-170",63.38
672,"Expt1","LOC4","2025",3024,2,13,83,83,"G-83",72.3
673,"Expt1","LOC4","2025",3025,2,12,0,7,"G-7",62.84
674,"Expt1","LOC4","2025",3026,2,11,0,141,"G-141",71.4
675,"Expt1","LOC4","2025",3027,2,10,0,47,"G-47",60.75
676,"Expt1","LOC4","2025",3028,2,9,0,105,"G-105",62.2
677,"Expt1","LOC4","2025",3029,2,8,173,173,"G-173",66.68
678,"Expt1","LOC4","2025",3030,2,7,0,163,"G-163",80.79
679,"Expt1","LOC4","2025",3031,2,6,140,140,"G-140",63.81
680,"Expt1","LOC4","2025",3032,2,5,0,34,"G-34",64.81
681,"Expt1","LOC4","2025",3033,2,4,0,111,"G-111",64.91
682,"Expt1","LOC4","2025",3034,2,3,0,143,"G-143",65.14
683,"Expt1","LOC4","2025",3035,2,2,0,52,"G-52",65.19
684,"Expt1","LOC4","2025",3036,2,1,0,93,"G-93",67.07
685,"Expt1","LOC4","2025",3037,3,1,0,64,"G-64",65.4
686,"Expt1","LOC4","2025",3038,3,2,0,134,"G-134",62.01
687,"Expt1","LOC4","2025",3039,3,3,0,168,"G-168",71.43
688,"Expt1","LOC4","2025",3040,3,4,85,85,"G-85",63.96
689,"Expt1","LOC4","2025",3041,3,5,53,53,"G-53",80.08
690,"Expt1","LOC4","2025",3042,3,6,0,115,"G-115",59.35
691,"Expt1","LOC4","2025",3043,3,7,0,128,"G-128",68.58
692,"Expt1","LOC4","2025",3044,3,8,0,81,"G-81",63.97
693,"Expt1","LOC4","2025",3045,3,9,13,13,"G-13",63.34
694,"Expt1","LOC4","2025",3046,3,10,0,44,"G-44",63.82
695,"Expt1","LOC4","2025",3047,3,11,0,139,"G-139",63.44
696,"Expt1","LOC4","2025",3048,3,12,85,85,"G-85",64.82
697,"Expt1","LOC4","2025",3049,3,13,69,69,"G-69",69.08
698,"Expt1","LOC4","2025",3050,3,14,0,154,"G-154",79.87
699,"Expt1","LOC4","2025",3051,3,15,0,118,"G-118",68.35
700,"Expt1","LOC4","2025",3052,3,16,0,17,"G-17",68.11
701,"Expt1","LOC4","2025",3053,3,17,71,71,"G-71",67.37
702,"Expt1","LOC4","2025",3054,3,18,0,136,"G-136",63.62
703,"Expt1","LOC4","2025",3055,4,18,0,162,"G-162",65.32
704,"Expt1","LOC4","2025",3056,4,17,0,96,"G-96",67.46
705,"Expt1","LOC4","2025",3057,4,16,0,63,"G-63",62.75
706,"Expt1","LOC4","2025",3058,4,15,0,57,"G-57",69.79
707,"Expt1","LOC4","2025",3059,4,14,0,23,"G-23",68.43
708,"Expt1","LOC4","2025",3060,4,13,0,21,"G-21",66.3
709,"Expt1","LOC4","2025",3061,4,12,0,157,"G-157",62.04
710,"Expt1","LOC4","2025",3062,4,11,97,97,"G-97",64.89
711,"Expt1","LOC4","2025",3063,4,10,0,5,"G-5",69.83
712,"Expt1","LOC4","2025",3064,4,9,0,45,"G-45",62.86
713,"Expt1","LOC4","2025",3065,4,8,0,61,"G-61",68.51
714,"Expt1","LOC4","2025",3066,4,7,0,55,"G-55",67.69
715,"Expt1","LOC4","2025",3067,4,6,0,117,"G-117",61.53
716,"Expt1","LOC4","2025",3068,4,5,0,172,"G-172",62.81
717,"Expt1","LOC4","2025",3069,4,4,176,176,"G-176",69.65
718,"Expt1","LOC4","2025",3070,4,3,6,6,"G-6",60.58
719,"Expt1","LOC4","2025",3071,4,2,130,130,"G-130",67.15
720,"Expt1","LOC4","2025",3072,4,1,0,26,"G-26",68.45
721,"Expt1","LOC4","2025",3073,5,1,50,50,"G-50",66.14
722,"Expt1","LOC4","2025",3074,5,2,0,94,"G-94",64.08
723,"Expt1","LOC4","2025",3075,5,3,0,11,"G-11",72.39
724,"Expt1","LOC4","2025",3076,5,4,0,152,"G-152",61.91
725,"Expt1","LOC4","2025",3077,5,5,0,79,"G-79",63.27
726,"Expt1","LOC4","2025",3078,5,6,0,18,"G-18",63.46
727,"Expt1","LOC4","2025",3079,5,7,0,133,"G-133",71.29
728,"Expt1","LOC4","2025",3080,5,8,0,90,"G-90",70.48
729,"Expt1","LOC4","2025",3081,5,9,127,127,"G-127",75.01
730,"Expt1","LOC4","2025",3082,5,10,0,40,"G-40",66.84
731,"Expt1","LOC4","2025",3083,5,11,0,148,"G-148",63.97
732,"Expt1","LOC4","2025",3084,5,12,132,132,"G-132",64.66
733,"Expt1","LOC4","2025",3085,5,13,0,82,"G-82",73.68
734,"Expt1","LOC4","2025",3086,5,14,0,153,"G-153",68.64
735,"Expt1","LOC4","2025",3087,5,15,0,147,"G-147",61.72
736,"Expt1","LOC4","2025",3088,5,16,0,12,"G-12",62.96
737,"Expt1","LOC4","2025",3089,5,17,53,53,"G-53",77.79
738,"Expt1","LOC4","2025",3090,5,18,0,20,"G-20",61.04
739,"Expt1","LOC4","2025",3091,6,18,0,86,"G-86",64.22
740,"Expt1","LOC4","2025",3092,6,17,156,156,"G-156",66.23
741,"Expt1","LOC4","2025",3093,6,16,41,41,"G-41",76.73
742,"Expt1","LOC4","2025",3094,6,15,0,131,"G-131",74.6
743,"Expt1","LOC4","2025",3095,6,14,0,68,"G-68",70.17
744,"Expt1","LOC4","2025",3096,6,13,0,126,"G-126",75.57
745,"Expt1","LOC4","2025",3097,6,12,0,25,"G-25",66.27
746,"Expt1","LOC4","2025",3098,6,11,0,16,"G-16",64.94
747,"Expt1","LOC4","2025",3099,6,10,0,98,"G-98",73.85
748,"Expt1","LOC4","2025",3100,6,9,0,46,"G-46",62.76
749,"Expt1","LOC4","2025",3101,6,8,0,167,"G-167",65.45
750,"Expt1","LOC4","2025",3102,6,7,88,88,"G-88",66.13
751,"Expt1","LOC4","2025",3103,6,6,0,146,"G-146",63.8
752,"Expt1","LOC4","2025",3104,6,5,0,24,"G-24",71.14
753,"Expt1","LOC4","2025",3105,6,4,0,72,"G-72",68.4
754,"Expt1","LOC4","2025",3106,6,3,0,59,"G-59",57.42
755,"Expt1","LOC4","2025",3107,6,2,39,39,"G-39",75.15
756,"Expt1","LOC4","2025",3108,6,1,73,73,"G-73",64.34
757,"Expt1","LOC4","2025",3109,7,1,0,104,"G-104",67.7
758,"Expt1","LOC4","2025",3110,7,2,0,116,"G-116",73.12
759,"Expt1","LOC4","2025",3111,7,3,0,89,"G-89",74.16
760,"Expt1","LOC4","2025",3112,7,4,0,75,"G-75",71.99
761,"Expt1","LOC4","2025",3113,7,5,77,77,"G-77",67.76
762,"Expt1","LOC4","2025",3114,7,6,0,37,"G-37",71.81
763,"Expt1","LOC4","2025",3115,7,7,0,119,"G-119",69.53
764,"Expt1","LOC4","2025",3116,7,8,0,2,"G-2",66.58
765,"Expt1","LOC4","2025",3117,7,9,0,108,"G-108",75.39
766,"Expt1","LOC4","2025",3118,7,10,0,99,"G-99",68.46
767,"Expt1","LOC4","2025",3119,7,11,0,84,"G-84",66.21
768,"Expt1","LOC4","2025",3120,7,12,0,62,"G-62",67.23
769,"Expt1","LOC4","2025",3121,7,13,0,74,"G-74",67.02
770,"Expt1","LOC4","2025",3122,7,14,0,3,"G-3",75.49
771,"Expt1","LOC4","2025",3123,7,15,0,103,"G-103",65.06
772,"Expt1","LOC4","2025",3124,7,16,67,67,"G-67",62.41
773,"Expt1","LOC4","2025",3125,7,17,0,175,"G-175",63.02
774,"Expt1","LOC4","2025",3126,7,18,0,121,"G-121",65.83
775,"Expt1","LOC4","2025",3127,8,18,13,13,"G-13",60.38
776,"Expt1","LOC4","2025",3128,8,17,0,51,"G-51",68.23
777,"Expt1","LOC4","2025",3129,8,16,166,166,"G-166",71.29
778,"Expt1","LOC4","2025",3130,8,15,149,149,"G-149",69.23
779,"Expt1","LOC4","2025",3131,8,14,27,27,"G-27",72.44
780,"Expt1","LOC4","2025",3132,8,13,0,36,"G-36",72.82
781,"Expt1","LOC4","2025",3133,8,12,39,39,"G-39",74.12
782,"Expt1","LOC4","2025",3134,8,11,0,14,"G-14",66.02
783,"Expt1","LOC4","2025",3135,8,10,0,171,"G-171",77.42
784,"Expt1","LOC4","2025",3136,8,9,0,65,"G-65",63.19
785,"Expt1","LOC4","2025",3137,8,8,0,135,"G-135",70.54
786,"Expt1","LOC4","2025",3138,8,7,54,54,"G-54",62.29
787,"Expt1","LOC4","2025",3139,8,6,69,69,"G-69",67.85
788,"Expt1","LOC4","2025",3140,8,5,41,41,"G-41",74.51
789,"Expt1","LOC4","2025",3141,8,4,0,137,"G-137",61.98
790,"Expt1","LOC4","2025",3142,8,3,83,83,"G-83",71.18
791,"Expt1","LOC4","2025",3143,8,2,0,19,"G-19",69.64
792,"Expt1","LOC4","2025",3144,8,1,0,177,"G-177",59.89
793,"Expt1","LOC4","2025",3145,9,1,0,100,"G-100",72.62
794,"Expt1","LOC4","2025",3146,9,2,0,179,"G-179",65.84
795,"Expt1","LOC4","2025",3147,9,3,0,123,"G-123",63.09
796,"Expt1","LOC4","2025",3148,9,4,0,125,"G-125",62.74
797,"Expt1","LOC4","2025",3149,9,5,10,10,"G-10",77.46
798,"Expt1","LOC4","2025",3150,9,6,0,142,"G-142",67.03
799,"Expt1","LOC4","2025",3151,9,7,0,150,"G-150",61.86
800,"Expt1","LOC4","2025",3152,9,8,0,8,"G-8",66.52
801,"Expt1","LOC4","2025",3153,9,9,156,156,"G-156",66.86
802,"Expt1","LOC4","2025",3154,9,10,0,32,"G-32",65.55
803,"Expt1","LOC4","2025",3155,9,11,0,138,"G-138",63
804,"Expt1","LOC4","2025",3156,9,12,0,33,"G-33",65.52
805,"Expt1","LOC4","2025",3157,9,13,0,66,"G-66",68.44
806,"Expt1","LOC4","2025",3158,9,14,10,10,"G-10",78.96
807,"Expt1","LOC4","2025",3159,9,15,0,180,"G-180",60.75
808,"Expt1","LOC4","2025",3160,9,16,77,77,"G-77",67.63
809,"Expt1","LOC4","2025",3161,9,17,0,30,"G-30",66.86
810,"Expt1","LOC4","2025",3162,9,18,0,161,"G-161",68.54
811,"Expt1","LOC4","2025",3163,10,18,0,159,"G-159",66.31
812,"Expt1","LOC4","2025",3164,10,17,38,38,"G-38",64.9
813,"Expt1","LOC4","2025",3165,10,16,73,73,"G-73",64.55
814,"Expt1","LOC4","2025",3166,10,15,106,106,"G-106",69.99
815,"Expt1","LOC4","2025",3167,10,14,0,4,"G-4",73.53
816,"Expt1","LOC4","2025",3168,10,13,92,92,"G-92",63.03
817,"Expt1","LOC4","2025",3169,10,12,0,155,"G-155",71.39
818,"Expt1","LOC4","2025",3170,10,11,70,70,"G-70",67.93
819,"Expt1","LOC4","2025",3171,10,10,0,160,"G-160",66.46
820,"Expt1","LOC4","2025",3172,10,9,0,76,"G-76",72.39
821,"Expt1","LOC4","2025",3173,10,8,0,9,"G-9",67.19
822,"Expt1","LOC4","2025",3174,10,7,0,56,"G-56",68.77
823,"Expt1","LOC4","2025",3175,10,6,0,107,"G-107",61.55
824,"Expt1","LOC4","2025",3176,10,5,0,174,"G-174",64.45
825,"Expt1","LOC4","2025",3177,10,4,0,113,"G-113",68.62
826,"Expt1","LOC4","2025",3178,10,3,0,129,"G-129",62.18
827,"Expt1","LOC4","2025",3179,10,2,97,97,"G-97",66.83
828,"Expt1","LOC4","2025",3180,10,1,67,67,"G-67",60.88
829,"Expt1","LOC4","2025",3181,11,1,173,173,"G-173",66.25
830,"Expt1","LOC4","2025",3182,11,2,0,31,"G-31",67.19
831,"Expt1","LOC4","2025",3183,11,3,0,80,"G-80",61.09
832,"Expt1","LOC4","2025",3184,11,4,151,151,"G-151",75.47
833,"Expt1","LOC4","2025",3185,11,5,0,42,"G-42",70.38
834,"Expt1","LOC4","2025",3186,11,6,122,122,"G-122",67.57
835,"Expt1","LOC4","2025",3187,11,7,0,109,"G-109",64.76
836,"Expt1","LOC4","2025",3188,11,8,0,120,"G-120",66.95
837,"Expt1","LOC4","2025",3189,11,9,0,87,"G-87",71.24
838,"Expt1","LOC4","2025",3190,11,10,0,124,"G-124",63.88
839,"Expt1","LOC4","2025",3191,11,11,0,165,"G-165",70.63
840,"Expt1","LOC4","2025",3192,11,12,0,15,"G-15",65.39
841,"Expt1","LOC4","2025",3193,11,13,91,91,"G-91",72.68
842,"Expt1","LOC4","2025",3194,11,14,71,71,"G-71",67.34
843,"Expt1","LOC4","2025",3195,11,15,0,28,"G-28",64.04
844,"Expt1","LOC4","2025",3196,11,16,122,122,"G-122",68.75
845,"Expt1","LOC4","2025",3197,11,17,0,22,"G-22",69.84
846,"Expt1","LOC4","2025",3198,11,18,0,43,"G-43",64.49
847,"Expt1","LOC4","2025",3199,12,18,0,102,"G-102",62.03
848,"Expt1","LOC4","2025",3200,12,17,132,132,"G-132",64.66
849,"Expt1","LOC4","2025",3201,12,16,0,60,"G-60",61.01
850,"Expt1","LOC4","2025",3202,12,15,29,29,"G-29",62.41
851,"Expt1","LOC4","2025",3203,12,14,50,50,"G-50",67.35
852,"Expt1","LOC4","2025",3204,12,13,0,101,"G-101",73.05
853,"Expt1","LOC4","2025",3205,12,12,140,140,"G-140",63.6
854,"Expt1","LOC4","2025",3206,12,11,0,110,"G-110",76.07
855,"Expt1","LOC4","2025",3207,12,10,176,176,"G-176",72.45
856,"Expt1","LOC4","2025",3208,12,9,0,95,"G-95",70.53
857,"Expt1","LOC4","2025",3209,12,8,0,78,"G-78",66.67
858,"Expt1","LOC4","2025",3210,12,7,29,29,"G-29",60.66
859,"Expt1","LOC4","2025",3211,12,6,0,112,"G-112",61.66
860,"Expt1","LOC4","2025",3212,12,5,0,178,"G-178",66.17
861,"Expt1","LOC4","2025",3213,12,4,130,130,"G-130",67.33
862,"Expt1","LOC4","2025",3214,12,3,91,91,"G-91",73.88
863,"Expt1","LOC4","2025",3215,12,2,0,145,"G-145",61.87
864,"Expt1","LOC4","2025",3216,12,1,6,6,"G-6",59.86
865,"Expt1","LOC5","2025",4001,1,1,32,32,"G-32",64.38
866,"Expt1","LOC5","2025",4002,1,2,8,8,"G-8",65.59
867,"Expt1","LOC5","2025",4003,1,3,72,72,"G-72",68.17
868,"Expt1","LOC5","2025",4004,1,4,19,19,"G-19",69.81
869,"Expt1","LOC5","2025",4005,1,5,0,60,"G-60",61.75
870,"Expt1","LOC5","2025",4006,1,6,0,45,"G-45",61.59
871,"Expt1","LOC5","2025",4007,1,7,0,88,"G-88",66.4
872,"Expt1","LOC5","2025",4008,1,8,0,105,"G-105",61.73
873,"Expt1","LOC5","2025",4009,1,9,0,55,"G-55",67.17
874,"Expt1","LOC5","2025",4010,1,10,0,174,"G-174",64.54
875,"Expt1","LOC5","2025",4011,1,11,0,96,"G-96",68.13
876,"Expt1","LOC5","2025",4012,1,12,144,144,"G-144",62.8
877,"Expt1","LOC5","2025",4013,1,13,0,64,"G-64",68.19
878,"Expt1","LOC5","2025",4014,1,14,61,61,"G-61",69.64
879,"Expt1","LOC5","2025",4015,1,15,52,52,"G-52",66.41
880,"Expt1","LOC5","2025",4016,1,16,119,119,"G-119",71.21
881,"Expt1","LOC5","2025",4017,1,17,0,75,"G-75",70.82
882,"Expt1","LOC5","2025",4018,1,18,0,118,"G-118",68.62
883,"Expt1","LOC5","2025",4019,2,18,0,85,"G-85",66.15
884,"Expt1","LOC5","2025",4020,2,17,0,177,"G-177",60.59
885,"Expt1","LOC5","2025",4021,2,16,145,145,"G-145",63.03
886,"Expt1","LOC5","2025",4022,2,15,175,175,"G-175",62.36
887,"Expt1","LOC5","2025",4023,2,14,117,117,"G-117",62.84
888,"Expt1","LOC5","2025",4024,2,13,153,153,"G-153",68.16
889,"Expt1","LOC5","2025",4025,2,12,102,102,"G-102",63.57
890,"Expt1","LOC5","2025",4026,2,11,0,136,"G-136",63.3
891,"Expt1","LOC5","2025",4027,2,10,0,97,"G-97",66.87
892,"Expt1","LOC5","2025",4028,2,9,0,79,"G-79",63.24
893,"Expt1","LOC5","2025",4029,2,8,81,81,"G-81",64.28
894,"Expt1","LOC5","2025",4030,2,7,0,137,"G-137",62.22
895,"Expt1","LOC5","2025",4031,2,6,0,50,"G-50",67.08
896,"Expt1","LOC5","2025",4032,2,5,90,90,"G-90",71
897,"Expt1","LOC5","2025",4033,2,4,94,94,"G-94",62.67
898,"Expt1","LOC5","2025",4034,2,3,0,98,"G-98",73.63
899,"Expt1","LOC5","2025",4035,2,2,0,110,"G-110",75
900,"Expt1","LOC5","2025",4036,2,1,51,51,"G-51",68.3
901,"Expt1","LOC5","2025",4037,3,1,167,167,"G-167",63.36
902,"Expt1","LOC5","2025",4038,3,2,22,22,"G-22",68.46
903,"Expt1","LOC5","2025",4039,3,3,0,1,"G-1",73.23
904,"Expt1","LOC5","2025",4040,3,4,0,165,"G-165",69.71
905,"Expt1","LOC5","2025",4041,3,5,0,49,"G-49",72.4
906,"Expt1","LOC5","2025",4042,3,6,0,93,"G-93",67.41
907,"Expt1","LOC5","2025",4043,3,7,0,155,"G-155",71.57
908,"Expt1","LOC5","2025",4044,3,8,0,149,"G-149",70.02
909,"Expt1","LOC5","2025",4045,3,9,0,77,"G-77",69.5
910,"Expt1","LOC5","2025",4046,3,10,0,172,"G-172",63.36
911,"Expt1","LOC5","2025",4047,3,11,0,70,"G-70",67.91
912,"Expt1","LOC5","2025",4048,3,12,0,57,"G-57",69.79
913,"Expt1","LOC5","2025",4049,3,13,0,73,"G-73",64.79
914,"Expt1","LOC5","2025",4050,3,14,0,115,"G-115",60.54
915,"Expt1","LOC5","2025",4051,3,15,108,108,"G-108",74.5
916,"Expt1","LOC5","2025",4052,3,16,158,158,"G-158",69.69
917,"Expt1","LOC5","2025",4053,3,17,109,109,"G-109",64.89
918,"Expt1","LOC5","2025",4054,3,18,34,34,"G-34",65.08
919,"Expt1","LOC5","2025",4055,4,18,0,122,"G-122",68.6
920,"Expt1","LOC5","2025",4056,4,17,0,178,"G-178",65.9
921,"Expt1","LOC5","2025",4057,4,16,0,131,"G-131",74.45
922,"Expt1","LOC5","2025",4058,4,15,90,90,"G-90",69.92
923,"Expt1","LOC5","2025",4059,4,14,43,43,"G-43",65.64
924,"Expt1","LOC5","2025",4060,4,13,0,68,"G-68",69.11
925,"Expt1","LOC5","2025",4061,4,12,0,76,"G-76",71.43
926,"Expt1","LOC5","2025",4062,4,11,0,87,"G-87",70.99
927,"Expt1","LOC5","2025",4063,4,10,0,111,"G-111",65.88
928,"Expt1","LOC5","2025",4064,4,9,0,30,"G-30",68.65
929,"Expt1","LOC5","2025",4065,4,8,0,37,"G-37",71.53
930,"Expt1","LOC5","2025",4066,4,7,0,80,"G-80",61.09
931,"Expt1","LOC5","2025",4067,4,6,34,34,"G-34",63.78
932,"Expt1","LOC5","2025",4068,4,5,5,5,"G-5",69.23
933,"Expt1","LOC5","2025",4069,4,4,0,120,"G-120",67.46
934,"Expt1","LOC5","2025",4070,4,3,0,129,"G-129",62.04
935,"Expt1","LOC5","2025",4071,4,2,0,146,"G-146",63.51
936,"Expt1","LOC5","2025",4072,4,1,0,65,"G-65",62.15
937,"Expt1","LOC5","2025",4073,5,1,26,26,"G-26",69.63
938,"Expt1","LOC5","2025",4074,5,2,0,99,"G-99",69.38
939,"Expt1","LOC5","2025",4075,5,3,0,84,"G-84",67.7
940,"Expt1","LOC5","2025",4076,5,4,0,83,"G-83",71.85
941,"Expt1","LOC5","2025",4077,5,5,0,138,"G-138",63.05
942,"Expt1","LOC5","2025",4078,5,6,0,54,"G-54",63.92
943,"Expt1","LOC5","2025",4079,5,7,0,126,"G-126",75.02
944,"Expt1","LOC5","2025",4080,5,8,0,36,"G-36",72.89
945,"Expt1","LOC5","2025",4081,5,9,0,71,"G-71",67.95
946,"Expt1","LOC5","2025",4082,5,10,0,171,"G-171",77.16
947,"Expt1","LOC5","2025",4083,5,11,18,18,"G-18",61.86
948,"Expt1","LOC5","2025",4084,5,12,0,147,"G-147",61.58
949,"Expt1","LOC5","2025",4085,5,13,0,157,"G-157",63.56
950,"Expt1","LOC5","2025",4086,5,14,0,92,"G-92",64.93
951,"Expt1","LOC5","2025",4087,5,15,0,162,"G-162",64.73
952,"Expt1","LOC5","2025",4088,5,16,0,152,"G-152",60.51
953,"Expt1","LOC5","2025",4089,5,17,0,151,"G-151",73.16
954,"Expt1","LOC5","2025",4090,5,18,26,26,"G-26",69.35
955,"Expt1","LOC5","2025",4091,6,18,0,53,"G-53",77.87
956,"Expt1","LOC5","2025",4092,6,17,8,8,"G-8",66.02
957,"Expt1","LOC5","2025",4093,6,16,0,24,"G-24",72.18
958,"Expt1","LOC5","2025",4094,6,15,0,154,"G-154",78.7
959,"Expt1","LOC5","2025",4095,6,14,0,28,"G-28",65.13
960,"Expt1","LOC5","2025",4096,6,13,94,94,"G-94",63.82
961,"Expt1","LOC5","2025",4097,6,12,0,106,"G-106",69.29
962,"Expt1","LOC5","2025",4098,6,11,0,11,"G-11",70.55
963,"Expt1","LOC5","2025",4099,6,10,44,44,"G-44",62.93
964,"Expt1","LOC5","2025",4100,6,9,0,86,"G-86",65.85
965,"Expt1","LOC5","2025",4101,6,8,0,113,"G-113",68.16
966,"Expt1","LOC5","2025",4102,6,7,0,10,"G-10",78.93
967,"Expt1","LOC5","2025",4103,6,6,108,108,"G-108",75.23
968,"Expt1","LOC5","2025",4104,6,5,0,67,"G-67",60.5
969,"Expt1","LOC5","2025",4105,6,4,0,142,"G-142",67.5
970,"Expt1","LOC5","2025",4106,6,3,0,173,"G-173",66.64
971,"Expt1","LOC5","2025",4107,6,2,66,66,"G-66",70.39
972,"Expt1","LOC5","2025",4108,6,1,0,21,"G-21",66.37
973,"Expt1","LOC5","2025",4109,7,1,0,161,"G-161",68.99
974,"Expt1","LOC5","2025",4110,7,2,109,109,"G-109",65.7
975,"Expt1","LOC5","2025",4111,7,3,0,27,"G-27",73.35
976,"Expt1","LOC5","2025",4112,7,4,0,59,"G-59",58.2
977,"Expt1","LOC5","2025",4113,7,5,0,3,"G-3",73.42
978,"Expt1","LOC5","2025",4114,7,6,33,33,"G-33",65
979,"Expt1","LOC5","2025",4115,7,7,0,104,"G-104",67.39
980,"Expt1","LOC5","2025",4116,7,8,180,180,"G-180",61.51
981,"Expt1","LOC5","2025",4117,7,9,0,9,"G-9",67.6
982,"Expt1","LOC5","2025",4118,7,10,0,56,"G-56",68.56
983,"Expt1","LOC5","2025",4119,7,11,0,163,"G-163",79.95
984,"Expt1","LOC5","2025",4120,7,12,0,89,"G-89",73.28
985,"Expt1","LOC5","2025",4121,7,13,0,170,"G-170",62.78
986,"Expt1","LOC5","2025",4122,7,14,0,38,"G-38",67.1
987,"Expt1","LOC5","2025",4123,7,15,0,4,"G-4",74.07
988,"Expt1","LOC5","2025",4124,7,16,19,19,"G-19",71.29
989,"Expt1","LOC5","2025",4125,7,17,0,168,"G-168",71.77
990,"Expt1","LOC5","2025",4126,7,18,143,143,"G-143",64.85
991,"Expt1","LOC5","2025",4127,8,18,114,114,"G-114",65.99
992,"Expt1","LOC5","2025",4128,8,17,0,29,"G-29",60.83
993,"Expt1","LOC5","2025",4129,8,16,0,125,"G-125",62.57
994,"Expt1","LOC5","2025",4130,8,15,66,66,"G-66",68.14
995,"Expt1","LOC5","2025",4131,8,14,72,72,"G-72",68.49
996,"Expt1","LOC5","2025",4132,8,13,167,167,"G-167",64.73
997,"Expt1","LOC5","2025",4133,8,12,0,46,"G-46",63.13
998,"Expt1","LOC5","2025",4134,8,11,0,74,"G-74",66.83
999,"Expt1","LOC5","2025",4135,8,10,0,116,"G-116",73.46
1000,"Expt1","LOC5","2025",4136,8,9,0,35,"G-35",70.55
1001,"Expt1","LOC5","2025",4137,8,8,0,58,"G-58",66.42
1002,"Expt1","LOC5","2025",4138,8,7,0,16,"G-16",64.12
1003,"Expt1","LOC5","2025",4139,8,6,0,7,"G-7",62.23
1004,"Expt1","LOC5","2025",4140,8,5,117,117,"G-117",60.78
1005,"Expt1","LOC5","2025",4141,8,4,0,48,"G-48",73.38
1006,"Expt1","LOC5","2025",4142,8,3,0,23,"G-23",68.13
1007,"Expt1","LOC5","2025",4143,8,2,2,2,"G-2",66.01
1008,"Expt1","LOC5","2025",4144,8,1,179,179,"G-179",64.42
1009,"Expt1","LOC5","2025",4145,9,1,40,40,"G-40",66.53
1010,"Expt1","LOC5","2025",4146,9,2,43,43,"G-43",66.42
1011,"Expt1","LOC5","2025",4147,9,3,0,139,"G-139",64.04
1012,"Expt1","LOC5","2025",4148,9,4,0,13,"G-13",62.58
1013,"Expt1","LOC5","2025",4149,9,5,0,41,"G-41",74.37
1014,"Expt1","LOC5","2025",4150,9,6,0,15,"G-15",65.27
1015,"Expt1","LOC5","2025",4151,9,7,0,140,"G-140",63.14
1016,"Expt1","LOC5","2025",4152,9,8,153,153,"G-153",67.46
1017,"Expt1","LOC5","2025",4153,9,9,0,25,"G-25",67.79
1018,"Expt1","LOC5","2025",4154,9,10,175,175,"G-175",63.62
1019,"Expt1","LOC5","2025",4155,9,11,0,78,"G-78",67.01
1020,"Expt1","LOC5","2025",4156,9,12,0,14,"G-14",66.2
1021,"Expt1","LOC5","2025",4157,9,13,0,150,"G-150",61.65
1022,"Expt1","LOC5","2025",4158,9,14,0,69,"G-69",68.67
1023,"Expt1","LOC5","2025",4159,9,15,81,81,"G-81",63.58
1024,"Expt1","LOC5","2025",4160,9,16,0,134,"G-134",62.29
1025,"Expt1","LOC5","2025",4161,9,17,0,91,"G-91",72.84
1026,"Expt1","LOC5","2025",4162,9,18,32,32,"G-32",64.43
1027,"Expt1","LOC5","2025",4163,10,18,0,101,"G-101",70.11
1028,"Expt1","LOC5","2025",4164,10,17,0,159,"G-159",66.89
1029,"Expt1","LOC5","2025",4165,10,16,180,180,"G-180",61.01
1030,"Expt1","LOC5","2025",4166,10,15,5,5,"G-5",69.22
1031,"Expt1","LOC5","2025",4167,10,14,0,63,"G-63",62.96
1032,"Expt1","LOC5","2025",4168,10,13,0,95,"G-95",70.05
1033,"Expt1","LOC5","2025",4169,10,12,0,100,"G-100",71.9
1034,"Expt1","LOC5","2025",4170,10,11,179,179,"G-179",64.88
1035,"Expt1","LOC5","2025",4171,10,10,0,82,"G-82",74.24
1036,"Expt1","LOC5","2025",4172,10,9,0,176,"G-176",69.99
1037,"Expt1","LOC5","2025",4173,10,8,0,17,"G-17",68.42
1038,"Expt1","LOC5","2025",4174,10,7,0,121,"G-121",67
1039,"Expt1","LOC5","2025",4175,10,6,0,132,"G-132",65.39
1040,"Expt1","LOC5","2025",4176,10,5,114,114,"G-114",67.52
1041,"Expt1","LOC5","2025",4177,10,4,0,124,"G-124",64.66
1042,"Expt1","LOC5","2025",4178,10,3,0,107,"G-107",61.95
1043,"Expt1","LOC5","2025",4179,10,2,0,133,"G-133",71.98
1044,"Expt1","LOC5","2025",4180,10,1,44,44,"G-44",63.71
1045,"Expt1","LOC5","2025",4181,11,1,0,42,"G-42",70.33
1046,"Expt1","LOC5","2025",4182,11,2,0,123,"G-123",63.21
1047,"Expt1","LOC5","2025",4183,11,3,0,47,"G-47",60.49
1048,"Expt1","LOC5","2025",4184,11,4,143,143,"G-143",66.91
1049,"Expt1","LOC5","2025",4185,11,5,0,112,"G-112",63.06
1050,"Expt1","LOC5","2025",4186,11,6,22,22,"G-22",68.43
1051,"Expt1","LOC5","2025",4187,11,7,0,141,"G-141",70.68
1052,"Expt1","LOC5","2025",4188,11,8,61,61,"G-61",68
1053,"Expt1","LOC5","2025",4189,11,9,0,148,"G-148",64.34
1054,"Expt1","LOC5","2025",4190,11,10,102,102,"G-102",64
1055,"Expt1","LOC5","2025",4191,11,11,40,40,"G-40",65.58
1056,"Expt1","LOC5","2025",4192,11,12,0,135,"G-135",70.11
1057,"Expt1","LOC5","2025",4193,11,13,33,33,"G-33",64.41
1058,"Expt1","LOC5","2025",4194,11,14,0,160,"G-160",65.46
1059,"Expt1","LOC5","2025",4195,11,15,0,164,"G-164",75.35
1060,"Expt1","LOC5","2025",4196,11,16,0,127,"G-127",74.96
1061,"Expt1","LOC5","2025",4197,11,17,119,119,"G-119",70.4
1062,"Expt1","LOC5","2025",4198,11,18,0,130,"G-130",66.63
1063,"Expt1","LOC5","2025",4199,12,18,0,103,"G-103",62.8
1064,"Expt1","LOC5","2025",4200,12,17,145,145,"G-145",62.08
1065,"Expt1","LOC5","2025",4201,12,16,52,52,"G-52",65.25
1066,"Expt1","LOC5","2025",4202,12,15,0,12,"G-12",64.72
1067,"Expt1","LOC5","2025",4203,12,14,0,6,"G-6",61.08
1068,"Expt1","LOC5","2025",4204,12,13,2,2,"G-2",67.76
1069,"Expt1","LOC5","2025",4205,12,12,0,20,"G-20",62.04
1070,"Expt1","LOC5","2025",4206,12,11,0,156,"G-156",66.85
1071,"Expt1","LOC5","2025",4207,12,10,0,166,"G-166",73
1072,"Expt1","LOC5","2025",4208,12,9,144,144,"G-144",62.5
1073,"Expt1","LOC5","2025",4209,12,8,0,169,"G-169",65.57
1074,"Expt1","LOC5","2025",4210,12,7,0,62,"G-62",66.74
1075,"Expt1","LOC5","2025",4211,12,6,0,31,"G-31",65.17
1076,"Expt1","LOC5","2025",4212,12,5,51,51,"G-51",68.42
1077,"Expt1","LOC5","2025",4213,12,4,0,128,"G-128",68.61
1078,"Expt1","LOC5","2025",4214,12,3,18,18,"G-18",63.42
1079,"Expt1","LOC5","2025",4215,12,2,0,39,"G-39",72.63
1080,"Expt1","LOC5","2025",4216,12,1,158,158,"G-158",69.99
